<?xml version="1.0"?>
<doc>
    <assembly>
        <name>BOXOFFICE</name>
    </assembly>
    <members>
        <member name="T:CRUDMONGODB.DatabaseConnection">
            <summary>
            Static class containing Connection String to the database.
            </summary>
        </member>
        <member name="F:CRUDMONGODB.DatabaseConnection.ConnectionString">
            <summary>
            Static string storing connection string used to connect to the database.
            </summary>
        </member>
        <member name="T:CRUDMONGODB.DatabaseOperation">
            <summary>
            Class containing database operations.
            </summary>
        </member>
        <member name="M:CRUDMONGODB.DatabaseOperation.GetDocument">
            <summary>
            Connects to the MongoDB Server and Returns specified collection from specified database. 
            </summary>
            <returns>Object of type IMongoCollection&lt;BsonDocument&gt;. <br/>
            Each item in this collection (IMongoCollection) is of type BsonDocument.
            </returns>
        </member>
        <member name="M:CRUDMONGODB.DatabaseOperation.GetTitleFromMovieID(System.Int32)">
            <summary>
            Get title of the Movie from MovieId (MovieID)
            </summary>
            <param name="MovieId">MovieID of the selected document.</param>
            <returns>Title of the movie</returns>
        </member>
        <member name="M:CRUDMONGODB.DatabaseOperation.GetMaximumMovieID(System.Collections.Generic.List{MongoDB.Bson.BsonDocument})">
            <summary>
            Gets the Maximum value of the MovieID Field from the Movies Collection.<br/>
            MovieID field should be Auto-Incremented Field. <br/>
            But MongoDB does not provide auto-increment functionality at the moment. <br/>
            Here, we are reading Maximum value of the MovieID Field from the Collection. <br/>
            Thus (Maximum value + 1) will be added as MovieID while adding new document in the Movies Collection. 
            </summary>
            <param name="listOfBsonDocuments">A list containing BsonDocuments from 'Movies' Collection.</param>
            <returns>An integer representing maximum value of the MovieID Field from the Movies Collection.</returns>
        </member>
        <member name="M:CRUDMONGODB.DatabaseOperation.InsertIntoMovies(MongoDB.Driver.IMongoCollection{MongoDB.Bson.BsonDocument},System.Int32,System.String,System.String,System.Int32,System.Decimal,System.Decimal,System.String)">
            <summary>
            Inserts a document (record) into the Movies Collection (table).
            </summary>
            <param name="Movies">Collection to which document is to be added.</param>
            <param name="movieId">ID of the Movie</param>
            <param name="title">Title of the Movie</param>
            <param name="productionHouse">Name of the Production House</param>
            <param name="year">Year of release</param>
            <param name="budget">Budget of the movie in the Crores (₹)</param>
            <param name="collection">Collection of the movie in the Crores (₹)</param>
            <param name="verdict">Verdict</param>
            <returns>Number of documents (records) inserted.</returns>
        </member>
        <member name="M:CRUDMONGODB.DatabaseOperation.Delete(System.Int32)">
            <summary>
            Deletes a document (record) from the Movies collection.
            </summary>
            <param name="movieId">Movie Id of the record to be deleted.</param>
            <returns>Number of documents (records) deleted.</returns>
        </member>
        <member name="M:CRUDMONGODB.DatabaseOperation.Update(System.Int32,System.String,System.String,System.Int32,System.Decimal,System.Decimal,System.String)">
            <summary>
            Updates a document (record) in the Movies Collection (table).
            </summary>
            <param name="MovieId">Movie ID of the movie of which record to be updated.</param>
            <param name="title">New Title of the movie</param>
            <param name="productionHouse">New Production House</param>
            <param name="year">New year of release</param>
            <param name="budget">New budget in crores (₹)</param>
            <param name="collection">New collection in crores (₹) </param>
            <param name="verdict">New Verdict</param>
            <returns>Number of documents (records) updated.</returns>
        </member>
        <member name="T:CRUDMONGODB.Form1">
            <summary>
            Main Form of CRUD Functionality with MongoDB and Dot net framework <br/>
            C - Create , R - Read , U - Update , D - Delete
            Author :- Ganesh Kamalakar Jadhav.
            Date :- June 03, 2022
            </summary>
        </member>
        <member name="F:CRUDMONGODB.Form1.applicationName">
            <summary>
            Static string to store name of the application. Declared as static because we are using it throughout the application.
            </summary>
        </member>
        <member name="F:CRUDMONGODB.Form1.MovieId">
            <summary>
            Stores MovieID i.e. ID of the Movie.
            </summary>
        </member>
        <member name="M:CRUDMONGODB.Form1.#ctor">
            <summary>
            Constructor of the Form Form1
            </summary>
        </member>
        <member name="M:CRUDMONGODB.Form1.Form1_Load(System.Object,System.EventArgs)">
            <summary>
            Load event of Form1
            </summary>
            <param name="sender"></param>
            <param name="e"></param>
        </member>
        <member name="M:CRUDMONGODB.Form1.textBox3_KeyPress(System.Object,System.Windows.Forms.KeyPressEventArgs)">
            <summary>
            Handles the Key Press Event of textBox3.<br/>
            This textBox takes Budget amount of the Movie in Crores (₹). <br/>
            By handling this event we allow user to input 'digits and one decimal point' only. <br/> 
            </summary>
            <param name="sender"></param>
            <param name="e"></param>
        </member>
        <member name="M:CRUDMONGODB.Form1.textBox4_KeyPress(System.Object,System.Windows.Forms.KeyPressEventArgs)">
            <summary>
            Handles the Key Press Event of textBox4.<br/>
            This textBox takes Collection amount of the Movie in Crores (₹). <br/>
            By handling this event we allow user to input 'digits and one decimal point' only. <br/>
            </summary>
            <param name="sender"></param>
            <param name="e"></param>
        </member>
        <member name="M:CRUDMONGODB.Form1.textBox3_KeyDown(System.Object,System.Windows.Forms.KeyEventArgs)">
            <summary>
            Handles KeyDown event of the textBox3 <br/>
            This textBox takes Budget amount of the Movie in Crores (₹). <br/>
            By handling this event we restrict ctrl+v key strokes , So user can't paste invalid characters.
            </summary>
            <param name="sender"></param>
            <param name="e"></param>
        </member>
        <member name="M:CRUDMONGODB.Form1.textBox4_KeyDown(System.Object,System.Windows.Forms.KeyEventArgs)">
            <summary>
            Handles KeyDown event of the textBox4 <br/>
            This textBox takes Collection amount of the Movie in Crores (₹). <br/>
            By handling this event we restrict ctrl+v key strokes , So user can't paste invalid characters.
            </summary>
            <param name="sender"></param>
            <param name="e"></param>
        </member>
        <member name="M:CRUDMONGODB.Form1.dataGridView1_OnRowHeaderMouseClick(System.Object,System.Windows.Forms.DataGridViewCellMouseEventArgs)">
            <summary>
            Handles the RowHeaderMouseClick event of the dataGridView1. <br/>
            Occurs when user clicks within the boundaries of the Row Header.
            </summary>
            <param name="sender"></param>
            <param name="e"></param>
        </member>
        <member name="M:CRUDMONGODB.Form1.dataGridView1_CellContentClick(System.Object,System.Windows.Forms.DataGridViewCellEventArgs)">
            <summary>
            Read data from the row of the dataGridView1 in the textboxes, when user clicks a cell in the dataGridView1. 
            </summary>
            <param name="sender"></param>
            <param name="e"></param>
        </member>
        <member name="M:CRUDMONGODB.Form1.dataGridView1_DataBindingComplete(System.Object,System.Windows.Forms.DataGridViewBindingCompleteEventArgs)">
            <summary>
            Handles the DataBindingComplete event of the datagridview. <br/>
            Occurs when a data binding operaion has finished.
            </summary>
            <param name="sender"></param>
            <param name="e"></param>
        </member>
        <member name="M:CRUDMONGODB.Form1.button4_Click(System.Object,System.EventArgs)">
            <summary>
            Handles the click event of Button4 (Reset Button). <br/>
            Reset all the controls to appropriate state.
            </summary>
            <param name="sender"></param>
            <param name="e"></param>
        </member>
        <member name="M:CRUDMONGODB.Form1.button1_Click(System.Object,System.EventArgs)">
            <summary>
            Handles the click event of Button1 (Insert Button). <br/>
            Perform Validation , Calculates Verdict and Insert record in the Movies table. <br/>
            </summary>
            <param name="sender"></param>
            <param name="e"></param>
        </member>
        <member name="M:CRUDMONGODB.Form1.button2_Click(System.Object,System.EventArgs)">
            <summary>
            Handles the click event of Button2 (Update Button). <br/>
            Calculate new Verdict and Update Document (Record) with the new values, as entered by the user. <br/>
            </summary>
            <param name="sender"></param>
            <param name="e"></param>
        </member>
        <member name="M:CRUDMONGODB.Form1.button3_Click(System.Object,System.EventArgs)">
            <summary>
            Handles the click event of Button3 (Delete Button). <br/>
            Deletes a particular document from the 'Movies' Collection.
            </summary>
            <param name="sender"></param>
            <param name="e"></param>
        </member>
        <member name="M:CRUDMONGODB.Form1.DisableInput">
            <summary>
            Disable Input controls to restrict user from entering data.
            </summary>
        </member>
        <member name="M:CRUDMONGODB.Form1.EnableInput">
            <summary>
            Enable input controls (TextBoxes and DateTimePicker) So that user can enter data.
            </summary>
        </member>
        <member name="M:CRUDMONGODB.Form1.CalculateVerdict(System.String,System.String)">
            <summary>
            Calculates Verdict based on Profit or Loss <br/>
            </summary>
            <param name="sCollection">Collection of the Movie in Crores (₹)</param>
            <param name="sBudget">Budget of the Movie in Crores (₹)</param>
            <returns>Verdict</returns>
        </member>
        <member name="M:CRUDMONGODB.Form1.CalculatePercentage(System.Single,System.Single)">
            <summary>
            Calculates loss or profit percentage based on budget and collection of the Movie. <br/>
            This percentage will be used while calculating Verdict.
            </summary>
            <param name="fBudget">Budget of the Movie in Crores (₹)</param>
            <param name="fCollection">Collection of the Movie in Crores (₹)</param>
            <returns>Profit OR Loss Percentage</returns>
        </member>
        <member name="M:CRUDMONGODB.Form1.PopulateDataGridView">
            <summary>
            Populates dataGridView1 with the data from the Movies Table in the database.
            </summary>
        </member>
        <member name="M:CRUDMONGODB.Form1.FormatDataGridView">
            <summary>
            Format the dataGridView1 so that it will display data appropriately. <br/>
            Sets style of 'Verdict' column and Width of some columns. 
            </summary>
        </member>
        <member name="M:CRUDMONGODB.Form1.ResetAll">
            <summary>
            Resets all controls. <br/>
            Displays recent data in datagridview and refreshes it. <br/>
            Clears TextBoxes and DateTimePicker.
            </summary>
        </member>
        <member name="M:CRUDMONGODB.Form1.RegisterSerializerForDecimal">
            <summary>
            Registers a Serializer which will be used to convert string into a BsonCompatible Decimal.
            </summary>
        </member>
        <member name="F:CRUDMONGODB.Form1.components">
            <summary>
             Required designer variable.
            </summary>
        </member>
        <member name="M:CRUDMONGODB.Form1.Dispose(System.Boolean)">
            <summary>
             Clean up any resources being used.
            </summary>
            <param name="disposing">true if managed resources should be disposed; otherwise, false.</param>
        </member>
        <member name="M:CRUDMONGODB.Form1.InitializeComponent">
            <summary>
             Required method for Designer support - do not modify
             the contents of this method with the code editor.
            </summary>
        </member>
        <member name="T:CRUDMONGODB.Program">
            <summary>
            Static class containing static Main method.
            </summary>
        </member>
        <member name="M:CRUDMONGODB.Program.Main">
            <summary>
             The main entry point for the application.
            </summary>
        </member>
    </members>
</doc>
